{
    "push-v1": [
        [
            1.0204587825787814e-12,
            0.5,
            0.4655858278274536,
            0.03441418334841728
        ]
    ],
    "pick-place-v1": [
        [
            3.0243922921613375e-09,
            0.5,
            0.47261685132980347,
            0.027383122593164444
        ]
    ],
    "drawer-open-v1": [
        [
            0.25189512968063354,
            0.24810484051704407,
            0.05221498757600784,
            0.44778499007225037
        ]
    ],
    "button-press-wall-v1": [
        [
            0.0,
            0.5,
            0.5,
            2.5920823773115483e-19
        ]
    ],
    "peg-insert-side-v1": [
        [
            7.054685738694388e-06,
            0.4999929666519165,
            0.19386060535907745,
            0.30613937973976135
        ]
    ],
    "push-wall-v1": [
        [
            3.559747281575823e-16,
            0.5,
            0.49929681420326233,
            0.0007031921995803714
        ]
    ],
    "pick-place-wall-v1": [
        [
            0.07352001219987869,
            0.4264799952507019,
            0.332873672246933,
            0.16712632775306702
        ]
    ],
    "coffee-pull-v1": [
        [
            9.611946212775507e-30,
            0.5,
            0.4999978542327881,
            2.153886043743114e-06
        ]
    ],
    "button-press-v1": [
        [
            5.550679732808034e-35,
            0.5,
            0.4999999403953552,
            6.656588169562383e-08
        ]
    ],
    "stick-push-v1": [
        [
            0.3478825092315674,
            0.15211747586727142,
            0.11274351179599762,
            0.3872564733028412
        ]
    ]
}