{
    "push-v1": [
        [
            0.25144636631011963,
            0.24855364859104156,
            0.2507479190826416,
            0.2492521107196808
        ]
    ],
    "pick-place-v1": [
        [
            0.25144636631011963,
            0.24855364859104156,
            0.2507479190826416,
            0.2492521107196808
        ]
    ],
    "drawer-open-v1": [
        [
            0.25144636631011963,
            0.24855364859104156,
            0.2507479190826416,
            0.2492521107196808
        ]
    ],
    "button-press-wall-v1": [
        [
            0.25144636631011963,
            0.24855364859104156,
            0.2507479190826416,
            0.2492521107196808
        ]
    ],
    "peg-insert-side-v1": [
        [
            0.25144636631011963,
            0.24855364859104156,
            0.2507479190826416,
            0.2492521107196808
        ]
    ],
    "push-wall-v1": [
        [
            0.25144636631011963,
            0.24855364859104156,
            0.2507479190826416,
            0.2492521107196808
        ]
    ],
    "pick-place-wall-v1": [
        [
            0.25144636631011963,
            0.24855364859104156,
            0.2507479190826416,
            0.2492521107196808
        ]
    ],
    "coffee-pull-v1": [
        [
            0.25144636631011963,
            0.24855364859104156,
            0.2507479190826416,
            0.2492521107196808
        ]
    ],
    "button-press-v1": [
        [
            0.25144636631011963,
            0.24855364859104156,
            0.2507479190826416,
            0.2492521107196808
        ]
    ],
    "stick-push-v1": [
        [
            0.25144636631011963,
            0.24855364859104156,
            0.2507479190826416,
            0.2492521107196808
        ]
    ]
}