{
    "push-v1": [
        [
            80.63699340820312,
            19.86301612854004,
            23.859445571899414,
            76.64053344726562
        ]
    ],
    "button-press-v1": [
        [
            78.1632080078125,
            22.336753845214844,
            94.4901351928711,
            6.0098700523376465
        ]
    ],
    "coffee-push-v1": [
        [
            53.70403289794922,
            46.79597473144531,
            42.3226432800293,
            58.1773681640625
        ]
    ],
    "soccer-v1": [
        [
            85.73351287841797,
            14.766454696655273,
            80.56840515136719,
            19.93159294128418
        ]
    ],
    "push-wall-v1": [
        [
            92.36863708496094,
            8.131343841552734,
            17.536354064941406,
            82.96366882324219
        ]
    ],
    "sweep-v1": [
        [
            97.02729034423828,
            3.472681760787964,
            91.7409896850586,
            8.759029388427734
        ]
    ],
    "sweep-into-v1": [
        [
            89.91996002197266,
            10.580015182495117,
            73.19371795654297,
            27.306291580200195
        ]
    ],
    "plate-slide-v1": [
        [
            15.166919708251953,
            85.33309173583984,
            49.97616195678711,
            50.52384567260742
        ]
    ],
    "plate-slide-side-v1": [
        [
            83.71027374267578,
            16.789772033691406,
            35.44001770019531,
            65.05997467041016
        ]
    ],
    "drawer-close-v1": [
        [
            46.26498031616211,
            54.23501968383789,
            90.8689956665039,
            9.631036758422852
        ]
    ]
}