{
    "reach-v1": [
        [
            50.337947845458984,
            50.162052154541016,
            50.31650924682617,
            50.18349075317383
        ]
    ],
    "push-v1": [
        [
            50.34100341796875,
            50.15899658203125,
            50.312889099121094,
            50.187110900878906
        ]
    ],
    "pick-place-v1": [
        [
            50.34101486206055,
            50.15898513793945,
            50.313114166259766,
            50.186885833740234
        ]
    ],
    "reach-wall-v1": [
        [
            50.33977127075195,
            50.16022872924805,
            50.31459045410156,
            50.18540573120117
        ]
    ],
    "pick-place-wall-v1": [
        [
            50.339473724365234,
            50.160526275634766,
            50.31441116333008,
            50.18558883666992
        ]
    ],
    "push-wall-v1": [
        [
            50.340232849121094,
            50.159767150878906,
            50.31362533569336,
            50.18637466430664
        ]
    ],
    "door-open-v1": [
        [
            50.33995056152344,
            50.16004943847656,
            50.315895080566406,
            50.18410873413086
        ]
    ],
    "door-close-v1": [
        [
            50.339759826660156,
            50.160240173339844,
            50.31364059448242,
            50.186363220214844
        ]
    ],
    "drawer-open-v1": [
        [
            50.33818054199219,
            50.16181945800781,
            50.3128776550293,
            50.1871223449707
        ]
    ],
    "drawer-close-v1": [
        [
            50.34177017211914,
            50.158233642578125,
            50.31386947631836,
            50.18613052368164
        ]
    ],
    "button-press_topdown-v1": [
        [
            50.34125518798828,
            50.158748626708984,
            50.314579010009766,
            50.18550109863281
        ]
    ],
    "button-press-v1": [
        [
            50.34101486206055,
            50.15898513793945,
            50.313411712646484,
            50.186588287353516
        ]
    ],
    "button-press-topdown-wall-v1": [
        [
            50.34178161621094,
            50.15822219848633,
            50.31382369995117,
            50.18617630004883
        ]
    ],
    "button-press-wall-v1": [
        [
            50.34143829345703,
            50.15856170654297,
            50.31536102294922,
            50.18463897705078
        ]
    ],
    "window-open-v1": [
        [
            50.34254455566406,
            50.15745544433594,
            50.31541442871094,
            50.1845817565918
        ]
    ],
    "window-close-v1": [
        [
            50.33912658691406,
            50.16086959838867,
            50.314361572265625,
            50.18564224243164
        ]
    ],
    "plate-slide-v1": [
        [
            50.34125900268555,
            50.15874099731445,
            50.3166618347168,
            50.18334197998047
        ]
    ],
    "plate-slide-side-v1": [
        [
            50.34023666381836,
            50.15976333618164,
            50.314945220947266,
            50.185054779052734
        ]
    ],
    "plate-slide-back-v1": [
        [
            50.339664459228516,
            50.160335540771484,
            50.31511688232422,
            50.18488311767578
        ]
    ],
    "plate-slide-back-side-v1": [
        [
            50.34205627441406,
            50.15794372558594,
            50.31443786621094,
            50.18555450439453
        ]
    ],
    "handle-press-v1": [
        [
            50.341949462890625,
            50.15805435180664,
            50.31287384033203,
            50.18712615966797
        ]
    ],
    "handle-pull-v1": [
        [
            50.34122848510742,
            50.15877151489258,
            50.31416702270508,
            50.18583297729492
        ]
    ],
    "handle-press-side-v1": [
        [
            50.33889389038086,
            50.16110610961914,
            50.31652069091797,
            50.18347930908203
        ]
    ],
    "handle-pull-side-v1": [
        [
            50.340232849121094,
            50.15989685058594,
            50.31517028808594,
            50.18482971191406
        ]
    ],
    "stick-push-v1": [
        [
            50.3411979675293,
            50.15880584716797,
            50.31439208984375,
            50.18560791015625
        ]
    ],
    "basket-ball-v1": [
        [
            50.34177017211914,
            50.15822982788086,
            50.313838958740234,
            50.186161041259766
        ]
    ],
    "soccer-v1": [
        [
            50.342193603515625,
            50.157806396484375,
            50.31281661987305,
            50.18718338012695
        ]
    ],
    "faucet-open-v1": [
        [
            50.339473724365234,
            50.1605224609375,
            50.31440353393555,
            50.18559646606445
        ]
    ],
    "faucet-close-v1": [
        [
            50.34041976928711,
            50.15958023071289,
            50.31588363647461,
            50.18411636352539
        ]
    ],
    "coffee-push-v1": [
        [
            50.33893966674805,
            50.16106033325195,
            50.31310272216797,
            50.18689727783203
        ]
    ],
    "coffee-pull-v1": [
        [
            50.34046173095703,
            50.15953826904297,
            50.31493377685547,
            50.18506622314453
        ]
    ],
    "coffee-button-v1": [
        [
            50.34148406982422,
            50.15851593017578,
            50.315189361572266,
            50.184810638427734
        ]
    ],
    "sweep-v1": [
        [
            50.33889389038086,
            50.16110610961914,
            50.312870025634766,
            50.187129974365234
        ]
    ],
    "sweep-into-v1": [
        [
            50.33840560913086,
            50.161617279052734,
            50.312862396240234,
            50.187137603759766
        ]
    ],
    "shelf-place-v1": [
        [
            50.33893966674805,
            50.16106033325195,
            50.31616973876953,
            50.18383026123047
        ]
    ],
    "dial-turn-v1": [
        [
            50.3390007019043,
            50.16099548339844,
            50.31646728515625,
            50.183536529541016
        ]
    ],
    "box-close-v1": [
        [
            50.33965301513672,
            50.16034698486328,
            50.315704345703125,
            50.18429183959961
        ]
    ],
    "hand-insert-v1": [
        [
            50.3414306640625,
            50.1585693359375,
            50.312870025634766,
            50.187129974365234
        ]
    ],
    "door-lock-v1": [
        [
            50.33970642089844,
            50.16029357910156,
            50.31599044799805,
            50.18400955200195
        ]
    ],
    "door-unlock-v1": [
        [
            50.33951187133789,
            50.16048812866211,
            50.31745910644531,
            50.18253707885742
        ]
    ]
}