{
    "push-v1": [
        [
            61.46138000488281,
            39.03862380981445,
            35.21592712402344,
            65.28406524658203
        ]
    ],
    "pick-place-v1": [
        [
            40.14170455932617,
            60.358280181884766,
            33.54256057739258,
            66.95744323730469
        ]
    ],
    "drawer-open-v1": [
        [
            44.7335205078125,
            55.766483306884766,
            40.78262710571289,
            59.717376708984375
        ]
    ],
    "button-press-wall-v1": [
        [
            73.30355834960938,
            27.196443557739258,
            20.925323486328125,
            79.57463836669922
        ]
    ],
    "peg-insert-side-v1": [
        [
            0.003285558894276619,
            100.49677276611328,
            71.93742370605469,
            28.562585830688477
        ]
    ],
    "push-wall-v1": [
        [
            60.14440155029297,
            40.3556022644043,
            37.06409454345703,
            63.435909271240234
        ]
    ],
    "pick-place-wall-v1": [
        [
            34.32349395751953,
            66.17646789550781,
            28.748353958129883,
            71.75160217285156
        ]
    ],
    "coffee-pull-v1": [
        [
            88.23709106445312,
            12.262943267822266,
            7.383940696716309,
            93.1160659790039
        ]
    ],
    "button-press-v1": [
        [
            82.74596405029297,
            17.75404167175293,
            12.25676155090332,
            88.24324798583984
        ]
    ],
    "stick-push-v1": [
        [
            0.9013731479644775,
            99.59864044189453,
            56.357791900634766,
            44.14220428466797
        ]
    ]
}