{
    "push-v1": [
        [
            50.24980545043945,
            50.25019454956055,
            50.249420166015625,
            50.250579833984375
        ]
    ],
    "pick-place-v1": [
        [
            50.24980545043945,
            50.25019454956055,
            50.249420166015625,
            50.250579833984375
        ]
    ],
    "drawer-open-v1": [
        [
            50.24980545043945,
            50.25019454956055,
            50.249420166015625,
            50.250579833984375
        ]
    ],
    "button-press-wall-v1": [
        [
            50.24980545043945,
            50.25019454956055,
            50.249420166015625,
            50.250579833984375
        ]
    ],
    "peg-insert-side-v1": [
        [
            50.24980545043945,
            50.25019454956055,
            50.249420166015625,
            50.250579833984375
        ]
    ],
    "push-wall-v1": [
        [
            50.24980545043945,
            50.25019454956055,
            50.249420166015625,
            50.250579833984375
        ]
    ],
    "pick-place-wall-v1": [
        [
            50.24980545043945,
            50.25019454956055,
            50.249420166015625,
            50.250579833984375
        ]
    ],
    "coffee-pull-v1": [
        [
            50.24980545043945,
            50.25019454956055,
            50.249420166015625,
            50.250579833984375
        ]
    ],
    "button-press-v1": [
        [
            50.24980545043945,
            50.25019454956055,
            50.249420166015625,
            50.250579833984375
        ]
    ],
    "stick-push-v1": [
        [
            50.24980545043945,
            50.25019454956055,
            50.249420166015625,
            50.250579833984375
        ]
    ]
}