{
    "push-v1": [
        [
            0.5,
            5.1436192111120604e-11,
            0.4359951615333557,
            0.0640048086643219
        ]
    ],
    "pick-place-v1": [
        [
            0.49999988079071045,
            1.394613491356722e-07,
            0.4970662295818329,
            0.002933776006102562
        ]
    ],
    "drawer-open-v1": [
        [
            0.4428800642490387,
            0.05711996182799339,
            0.43303948640823364,
            0.06696052849292755
        ]
    ],
    "button-press-wall-v1": [
        [
            0.5,
            4.518737629847445e-26,
            0.49922069907188416,
            0.0007792991818860173
        ]
    ],
    "peg-insert-side-v1": [
        [
            0.382507860660553,
            0.11749211698770523,
            0.1619371473789215,
            0.3380628526210785
        ]
    ],
    "push-wall-v1": [
        [
            0.49999988079071045,
            1.5384598839318642e-07,
            0.4999520778656006,
            4.7949000872904435e-05
        ]
    ],
    "pick-place-wall-v1": [
        [
            0.5,
            6.738835184316727e-11,
            0.45095762610435486,
            0.04904237017035484
        ]
    ],
    "coffee-pull-v1": [
        [
            0.5,
            6.487752002293234e-10,
            0.4985482096672058,
            0.0014517811359837651
        ]
    ],
    "button-press-v1": [
        [
            0.5,
            7.55416215691973e-12,
            0.49760013818740845,
            0.002399836201220751
        ]
    ],
    "stick-push-v1": [
        [
            0.5,
            1.7420165310255697e-10,
            0.37057965993881226,
            0.12942034006118774
        ]
    ]
}