{
    "faucet-open-v1": [
        [
            77.89098358154297,
            22.609025955200195,
            99.33889770507812,
            1.1611026525497437
        ]
    ],
    "box-close-v1": [
        [
            5.2579665184021,
            95.24205017089844,
            73.39118194580078,
            27.108808517456055
        ]
    ],
    "window-close-v1": [
        [
            2.854332208633423,
            97.6457748413086,
            3.1365976333618164,
            97.36339569091797
        ]
    ],
    "soccer-v1": [
        [
            22.573678970336914,
            77.92633056640625,
            72.75582885742188,
            27.744176864624023
        ]
    ],
    "dial-turn-v1": [
        [
            14.531698226928711,
            85.96830749511719,
            96.88520050048828,
            3.6148202419281006
        ]
    ],
    "shelf-place-v1": [
        [
            98.43961334228516,
            2.0604617595672607,
            100.3841781616211,
            0.11592922359704971
        ]
    ],
    "handle-press-v1": [
        [
            61.49850082397461,
            39.00151062011719,
            100.2985610961914,
            0.20145799219608307
        ]
    ],
    "plate-slide-v1": [
        [
            90.7204360961914,
            9.779579162597656,
            97.63319396972656,
            2.8668007850646973
        ]
    ],
    "drawer-open-v1": [
        [
            58.8775634765625,
            41.622440338134766,
            36.36787414550781,
            64.13213348388672
        ]
    ],
    "door-close-v1": [
        [
            20.03784942626953,
            80.46212768554688,
            100.26959991455078,
            0.23049195110797882
        ]
    ]
}