{
    "push-v1": [
        [
            13.71987533569336,
            10.356939315795898,
            42.92320251464844,
            51.941837310791016,
            12.44808578491211,
            2.6100759506225586,
            2.1470279693603516,
            19.42900276184082,
            45.42396545410156
        ]
    ],
    "button-press-v1": [
        [
            16.401790618896484,
            13.38238525390625,
            37.215843200683594,
            45.64738464355469,
            16.168182373046875,
            5.184435844421387,
            4.418697357177734,
            21.931673049926758,
            40.64964294433594
        ]
    ],
    "coffee-push-v1": [
        [
            12.857193946838379,
            9.461718559265137,
            44.68108367919922,
            53.630977630615234,
            11.306916236877441,
            2.0621097087860107,
            1.68209707736969,
            18.540714263916016,
            46.77718734741211
        ]
    ],
    "soccer-v1": [
        [
            15.248312950134277,
            12.032570838928223,
            39.71912384033203,
            48.5705451965332,
            14.544522285461426,
            3.8849503993988037,
            3.254286527633667,
            20.913772583007812,
            42.83194351196289
        ]
    ],
    "push-wall-v1": [
        [
            14.884868621826172,
            11.623379707336426,
            40.49173355102539,
            49.4179801940918,
            14.037854194641113,
            3.5441646575927734,
            2.955298900604248,
            20.570451736450195,
            43.474246978759766
        ]
    ],
    "sweep-v1": [
        [
            15.298418998718262,
            12.087233543395996,
            39.614315032958984,
            48.458011627197266,
            14.610122680664062,
            3.931821346282959,
            3.295710563659668,
            20.956539154052734,
            42.74771499633789
        ]
    ],
    "sweep-into-v1": [
        [
            16.112274169921875,
            13.036669731140137,
            37.85105895996094,
            46.40935134887695,
            15.758485794067383,
            4.832154273986816,
            4.1000189781188965,
            21.682960510253906,
            41.217010498046875
        ]
    ],
    "plate-slide-v1": [
        [
            9.72347640991211,
            6.485065937042236,
            50.79147720336914,
            58.66289138793945,
            7.534177303314209,
            0.8029208779335022,
            0.6415844559669495,
            15.123701095581055,
            51.234710693359375
        ]
    ],
    "plate-slide-side-v1": [
        [
            14.749476432800293,
            11.470992088317871,
            40.779537200927734,
            49.7344970703125,
            13.846602439880371,
            3.418893814086914,
            2.845838785171509,
            20.440467834472656,
            43.71370315551758
        ]
    ],
    "drawer-close-v1": [
        [
            14.29473876953125,
            10.973261833190918,
            41.731998443603516,
            50.73695755004883,
            13.225475311279297,
            3.0375797748565674,
            2.514237880706787,
            20.00139617919922,
            44.484371185302734
        ]
    ]
}