{
    "push-v1": [
        [
            0.3205825686454773,
            0.1794174164533615,
            0.4463294744491577,
            0.05367054045200348
        ]
    ],
    "pick-place-v1": [
        [
            0.2727271020412445,
            0.2272728979587555,
            0.3445560038089752,
            0.15544401109218597
        ]
    ],
    "drawer-open-v1": [
        [
            0.28598514199256897,
            0.21401484310626984,
            0.380409836769104,
            0.11959017813205719
        ]
    ],
    "button-press-wall-v1": [
        [
            0.49757376313209534,
            0.0024262089282274246,
            0.5,
            8.534649431624075e-09
        ]
    ],
    "peg-insert-side-v1": [
        [
            0.2355618178844452,
            0.2644381523132324,
            0.2292039394378662,
            0.2707960307598114
        ]
    ],
    "push-wall-v1": [
        [
            0.3396202623844147,
            0.16037973761558533,
            0.4681169092655182,
            0.03188309445977211
        ]
    ],
    "pick-place-wall-v1": [
        [
            0.23582537472248077,
            0.26417461037635803,
            0.2298140525817871,
            0.2701859176158905
        ]
    ],
    "coffee-pull-v1": [
        [
            0.3843708634376526,
            0.11562912911176682,
            0.492537260055542,
            0.007462738081812859
        ]
    ],
    "button-press-v1": [
        [
            0.48926204442977905,
            0.010737956501543522,
            0.4999987483024597,
            1.2708399026450934e-06
        ]
    ],
    "stick-push-v1": [
        [
            0.23538875579833984,
            0.26461124420166016,
            0.22890906035900116,
            0.27109092473983765
        ]
    ]
}