{
    "push-v1": [
        [
            0.5000000596046448,
            5.861758189951161e-09,
            0.47312718629837036,
            0.026872830465435982
        ]
    ],
    "pick-place-v1": [
        [
            0.4981544315814972,
            0.0018455828540027142,
            0.3859233856201172,
            0.1140766367316246
        ]
    ],
    "drawer-open-v1": [
        [
            0.24867159128189087,
            0.25132840871810913,
            0.01300717331469059,
            0.48699280619621277
        ]
    ],
    "button-press-wall-v1": [
        [
            0.4999702572822571,
            2.9726652428507805e-05,
            0.49980154633522034,
            0.00019846481154672801
        ]
    ],
    "peg-insert-side-v1": [
        [
            0.23314490914344788,
            0.2668550908565521,
            0.27792778611183167,
            0.22207221388816833
        ]
    ],
    "push-wall-v1": [
        [
            0.49998795986175537,
            1.2066889212292153e-05,
            0.2485252171754837,
            0.2514747679233551
        ]
    ],
    "pick-place-wall-v1": [
        [
            0.41695356369018555,
            0.08304643630981445,
            0.40729841589927673,
            0.09270159155130386
        ]
    ],
    "coffee-pull-v1": [
        [
            0.49999967217445374,
            3.405447159821051e-07,
            0.49999281764030457,
            7.227161859191256e-06
        ]
    ],
    "button-press-v1": [
        [
            0.4999997615814209,
            2.467955937390798e-07,
            0.45541274547576904,
            0.044587235897779465
        ]
    ],
    "stick-push-v1": [
        [
            0.3788590431213379,
            0.1211409866809845,
            0.4807004928588867,
            0.019299497827887535
        ]
    ]
}