{
    "push-v1": [
        [
            0.49881425499916077,
            0.0011857586214318871,
            0.5,
            5.855256067122832e-16
        ]
    ],
    "pick-place-v1": [
        [
            0.5,
            4.709304723971415e-22,
            0.5,
            3.3481151878733684e-11
        ]
    ],
    "drawer-open-v1": [
        [
            0.005459507927298546,
            0.4945404827594757,
            1.5997436264569842e-07,
            0.49999985098838806
        ]
    ],
    "button-press-wall-v1": [
        [
            0.5,
            0.0,
            0.5,
            2.3037444844392495e-38
        ]
    ],
    "peg-insert-side-v1": [
        [
            0.29269155859947205,
            0.20730845630168915,
            0.36498913168907166,
            0.13501088321208954
        ]
    ],
    "push-wall-v1": [
        [
            0.5,
            0.0,
            0.5,
            8.364704365246544e-32
        ]
    ],
    "pick-place-wall-v1": [
        [
            0.4978250563144684,
            0.002174950670450926,
            0.5,
            1.0325277860290105e-18
        ]
    ],
    "coffee-pull-v1": [
        [
            0.5,
            5.473449589619409e-20,
            0.5,
            2.8801689493000105e-29
        ]
    ],
    "button-press-v1": [
        [
            0.5,
            6.939165086237398e-31,
            0.5,
            3.035290619543317e-17
        ]
    ],
    "stick-push-v1": [
        [
            0.41266730427742004,
            0.08733266592025757,
            0.49998438358306885,
            1.5641415302525274e-05
        ]
    ]
}