{
    "reach-v1": [
        [
            41.90946960449219,
            58.59051513671875,
            41.4477653503418,
            59.0522346496582
        ]
    ],
    "push-v1": [
        [
            41.83489227294922,
            58.665069580078125,
            41.361793518066406,
            59.1381950378418
        ]
    ],
    "pick-place-v1": [
        [
            41.850341796875,
            58.64966583251953,
            41.389427185058594,
            59.1105842590332
        ]
    ],
    "reach-wall-v1": [
        [
            41.84257125854492,
            58.65742492675781,
            41.380062103271484,
            59.11994171142578
        ]
    ],
    "pick-place-wall-v1": [
        [
            41.955814361572266,
            58.54418182373047,
            41.49162673950195,
            59.00838088989258
        ]
    ],
    "push-wall-v1": [
        [
            41.79410934448242,
            58.70590591430664,
            41.315757751464844,
            59.184226989746094
        ]
    ],
    "door-open-v1": [
        [
            41.950904846191406,
            58.549102783203125,
            41.47876739501953,
            59.02124786376953
        ]
    ],
    "door-close-v1": [
        [
            41.822540283203125,
            58.677459716796875,
            41.34461212158203,
            59.15538024902344
        ]
    ],
    "drawer-open-v1": [
        [
            41.860084533691406,
            58.63984298706055,
            41.38729476928711,
            59.11270523071289
        ]
    ],
    "drawer-close-v1": [
        [
            41.85414123535156,
            58.645870208740234,
            41.381954193115234,
            59.118038177490234
        ]
    ],
    "button-press-topdown-v1": [
        [
            41.741512298583984,
            58.75849533081055,
            41.257171630859375,
            59.24281692504883
        ]
    ],
    "button-press-v1": [
        [
            41.80785369873047,
            58.69209289550781,
            41.33601760864258,
            59.16400909423828
        ]
    ],
    "button-press-topdown-wall-v1": [
        [
            41.790470123291016,
            58.709537506103516,
            41.3134765625,
            59.1865348815918
        ]
    ],
    "button-press-wall-v1": [
        [
            41.90313720703125,
            58.59690475463867,
            41.431514739990234,
            59.0684814453125
        ]
    ],
    "window-open-v1": [
        [
            41.72460174560547,
            58.77534866333008,
            41.24967956542969,
            59.25039291381836
        ]
    ],
    "window-close-v1": [
        [
            41.86330795288086,
            58.63667297363281,
            41.37702941894531,
            59.1229133605957
        ]
    ],
    "plate-slide-v1": [
        [
            41.95964431762695,
            58.54029846191406,
            41.496463775634766,
            59.003623962402344
        ]
    ],
    "plate-slide-side-v1": [
        [
            41.87840270996094,
            58.62158203125,
            41.40351867675781,
            59.09648895263672
        ]
    ],
    "plate-slide-back-v1": [
        [
            41.99483871459961,
            58.50511169433594,
            41.527687072753906,
            58.9722900390625
        ]
    ],
    "plate-slide-back-side-v1": [
        [
            41.98030090332031,
            58.51969909667969,
            41.5208854675293,
            58.97911834716797
        ]
    ],
    "handle-press-v1": [
        [
            41.86760330200195,
            58.632442474365234,
            41.390010833740234,
            59.11005401611328
        ]
    ],
    "handle-pull-v1": [
        [
            41.79216766357422,
            58.707794189453125,
            41.31578826904297,
            59.18423843383789
        ]
    ],
    "handle-press-side-v1": [
        [
            41.779293060302734,
            58.72072219848633,
            41.2930908203125,
            59.206932067871094
        ]
    ],
    "handle-pull-side-v1": [
        [
            41.93655776977539,
            58.56344985961914,
            41.47832489013672,
            59.02166748046875
        ]
    ],
    "stick-push-v1": [
        [
            41.98679733276367,
            58.513214111328125,
            41.52884292602539,
            58.97115707397461
        ]
    ],
    "basket-ball-v1": [
        [
            41.79549026489258,
            58.70450973510742,
            41.33258056640625,
            59.167423248291016
        ]
    ],
    "soccer-v1": [
        [
            41.77303695678711,
            58.72696304321289,
            41.291900634765625,
            59.208133697509766
        ]
    ],
    "faucet-open-v1": [
        [
            41.87432098388672,
            58.62567901611328,
            41.41623306274414,
            59.08378601074219
        ]
    ],
    "faucet-close-v1": [
        [
            41.871429443359375,
            58.62858963012695,
            41.411651611328125,
            59.08836364746094
        ]
    ],
    "coffee-push-v1": [
        [
            41.92121124267578,
            58.57879638671875,
            41.457794189453125,
            59.04221725463867
        ]
    ],
    "coffee-pull-v1": [
        [
            41.8187255859375,
            58.68128204345703,
            41.333106994628906,
            59.16691589355469
        ]
    ],
    "coffee-button-v1": [
        [
            41.687564849853516,
            58.81242370605469,
            41.19550323486328,
            59.304508209228516
        ]
    ],
    "sweep-v1": [
        [
            41.88212585449219,
            58.61784362792969,
            41.405521392822266,
            59.094486236572266
        ]
    ],
    "sweep-into-v1": [
        [
            41.690853118896484,
            58.809146881103516,
            41.197608947753906,
            59.302391052246094
        ]
    ],
    "shelf-place-v1": [
        [
            41.839046478271484,
            58.660911560058594,
            41.38213348388672,
            59.11782455444336
        ]
    ],
    "dial-turn-v1": [
        [
            41.76652526855469,
            58.73349380493164,
            41.278255462646484,
            59.22172164916992
        ]
    ],
    "box-close-v1": [
        [
            41.66780471801758,
            58.83220672607422,
            41.18132019042969,
            59.31867218017578
        ]
    ],
    "hand-insert-v1": [
        [
            41.91911697387695,
            58.580928802490234,
            41.453643798828125,
            59.04635238647461
        ]
    ],
    "door-lock-v1": [
        [
            41.763614654541016,
            58.73634338378906,
            41.2865104675293,
            59.21350860595703
        ]
    ],
    "door-unlock-v1": [
        [
            41.978450775146484,
            58.52151107788086,
            41.52042007446289,
            58.979610443115234
        ]
    ]
}