{
    "push-v1": [
        [
            0.49998170137405396,
            1.8318232832825743e-05,
            0.33349609375,
            0.16650390625
        ]
    ],
    "pick-place-v1": [
        [
            0.5,
            3.131579023873954e-11,
            0.49919572472572327,
            0.0008042783592827618
        ]
    ],
    "drawer-open-v1": [
        [
            0.2585987448692322,
            0.2414012849330902,
            0.3073251247406006,
            0.19267487525939941
        ]
    ],
    "button-press-wall-v1": [
        [
            0.5,
            3.740724396905648e-11,
            0.49465012550354004,
            0.0053499070927500725
        ]
    ],
    "peg-insert-side-v1": [
        [
            0.2403983175754547,
            0.2596017122268677,
            0.2557370364665985,
            0.24426297843456268
        ]
    ],
    "push-wall-v1": [
        [
            0.5,
            4.441703602142688e-11,
            0.44844746589660645,
            0.05155253782868385
        ]
    ],
    "pick-place-wall-v1": [
        [
            0.5,
            4.873271501371372e-15,
            0.368789404630661,
            0.1312105804681778
        ]
    ],
    "coffee-pull-v1": [
        [
            0.5,
            3.0788387898821004e-22,
            0.4998377561569214,
            0.0001622437557671219
        ]
    ],
    "button-press-v1": [
        [
            0.5,
            1.8414739177963213e-10,
            0.37959885597229004,
            0.12040113657712936
        ]
    ],
    "stick-push-v1": [
        [
            0.5,
            6.62412587279569e-16,
            0.0012852828949689865,
            0.49871471524238586
        ]
    ]
}