{
    "faucet-open-v1": [
        [
            50.38902282714844,
            50.11097717285156,
            50.421566009521484,
            50.078433990478516
        ]
    ],
    "box-close-v1": [
        [
            50.38642501831055,
            50.11357879638672,
            50.42250442504883,
            50.07749557495117
        ]
    ],
    "window-close-v1": [
        [
            50.38807678222656,
            50.11192321777344,
            50.42270278930664,
            50.07729721069336
        ]
    ],
    "soccer-v1": [
        [
            50.38701248168945,
            50.11299133300781,
            50.42155456542969,
            50.07844543457031
        ]
    ],
    "dial-turn-v1": [
        [
            50.386470794677734,
            50.11353302001953,
            50.42323684692383,
            50.07676315307617
        ]
    ],
    "shelf-place-v1": [
        [
            50.38666915893555,
            50.11333084106445,
            50.422706604003906,
            50.077293395996094
        ]
    ],
    "handle-press-v1": [
        [
            50.385658264160156,
            50.114341735839844,
            50.42174530029297,
            50.07825469970703
        ]
    ],
    "plate-slide-v1": [
        [
            50.38726043701172,
            50.112735748291016,
            50.423282623291016,
            50.07672119140625
        ]
    ],
    "drawer-open-v1": [
        [
            50.38724899291992,
            50.11275100708008,
            50.42253494262695,
            50.07746505737305
        ]
    ],
    "door-close-v1": [
        [
            50.387020111083984,
            50.112979888916016,
            50.42245864868164,
            50.077579498291016
        ]
    ]
}