{
    "push-v1": [
        [
            92.64510345458984,
            7.854917049407959,
            0.022272145375609398,
            100.47773742675781
        ]
    ],
    "pick-place-v1": [
        [
            45.5240592956543,
            54.9759407043457,
            57.369571685791016,
            43.13042449951172
        ]
    ],
    "drawer-open-v1": [
        [
            37.03146743774414,
            63.46854019165039,
            66.90406036376953,
            33.595951080322266
        ]
    ],
    "drawer-close-v1": [
        [
            97.32417297363281,
            3.1758406162261963,
            0.0006597004248760641,
            100.49957275390625
        ]
    ],
    "basket-ball-v1": [
        [
            34.399959564208984,
            66.10002899169922,
            69.74054718017578,
            30.759462356567383
        ]
    ],
    "push-wall-v1": [
        [
            85.48393249511719,
            15.016107559204102,
            0.12682056427001953,
            100.37313079833984
        ]
    ],
    "pick-place-wall-v1": [
        [
            36.36655044555664,
            64.1334457397461,
            67.94123840332031,
            32.558780670166016
        ]
    ],
    "coffee-push-v1": [
        [
            49.106292724609375,
            51.393714904785156,
            51.68111038208008,
            48.81888198852539
        ]
    ],
    "coffee-pull-v1": [
        [
            64.79500579833984,
            35.70497131347656,
            22.1417236328125,
            78.35830688476562
        ]
    ],
    "soccer-v1": [
        [
            59.251434326171875,
            41.24858093261719,
            37.18376159667969,
            63.316226959228516
        ]
    ]
}